id;first_name;middle_name;last_name;date_of_birth;reg_doc_type;registration_document_number;gender;nationality;deleted;wxt_jwt_pq_55_wd;relation
1;Dessie;optical parse Future;Beatty;2021-05-04T06:03:52;HUDUMA;Applications 24/7;MALE;cyan;true;Table Licensed seize;Helena internet Pennsylvania
2;Tremayne;deploy Customer Lead;McKenzie;2021-05-04T16:53:18;BIRTH_CERTIFICATE;synthesizing application;MALE;Optimized;false;application;generating functionalities markets
3;Jakayla;Computer deposit Fresh;Windler;2021-05-04T15:07:11;BIRTH_CERTIFICATE;Director Function-based;MALE;Baby;true;Quality capacitor;connect invoice
4;Dariana;Direct Applications Cambridgeshire;Medhurst;2021-05-04T22:04:40;PASSPORT;communities Venezuela;FEMALE;online Lead;false;e-enable;Games
5;Olen;Total;Reynolds;2021-05-04T10:45:39;PASSPORT;harness Springs;MALE;Buckinghamshire Missouri;false;Optimization Decentralized Market;Global
6;Viva;Consultant Burundi;Littel;2021-05-04T06:37:59;BIRTH_CERTIFICATE;Metal;FEMALE;viral;false;North invoice;cultivate
7;Kane;Shirt Connecticut Officer;Leannon;2021-05-04T19:46:47;PASSPORT;Future-proofed Sports Senior;FEMALE;Tasty Investor Naira;false;solid strategic Associate;Legacy Incredible
8;Alvah;Chair Malta;Lind;2021-05-04T16:27:06;BIRTH_CERTIFICATE;Account;OTHER;Inverse;true;circuit Central;Designer
9;Lily;Concrete redundant Forward;Lang;2021-05-04T20:21:03;BIRTH_CERTIFICATE;Principal;OTHER;payment Movies;true;firewall Avon;implement Soft
10;Rosalinda;target;Ritchie;2021-05-04T20:29:14;PASSPORT;Gloves;MALE;plum SDD Congolese;true;cohesive reinvent;Front-line
